{
  "resourceType": "Location",
  "id": "hl7",
  "text": {
    "status": "generated",
    "div": "<div xmlns=\"http://www.w3.org/1999/xhtml\">\n      Health Level Seven International<br/>\n\t\t\t\t3300 Washtenaw Avenue, Suite 227<br/>\n\t\t\t\tAnn Arbor, MI 48104<br/>\n\t\t\t\tUSA<br/>\n\t\t\t\t(+1) 734-677-7777 (phone)<br/>\n\t\t\t\t(+1) 734-677-6622 (fax)<br/>\n\t\t\t\tE-mail:  <a href=\"mailto:hq@HL7.org\">hq@HL7.org</a>\n    </div>"
  },
  "status": "active",
  "name": "Health Level Seven International",
  "description": "HL7 Headquarters",
  "mode": "instance",
  "type": [
    {
      "coding": [
        {
          "system": "http://terminology.hl7.org/CodeSystem/v3-RoleCode",
          "code": "SLEEP",
          "display": "Sleep disorders unit"
        }
      ]
    }
  ],
  "telecom": [
    {
      "system": "phone",
      "value": "(+1) 734-677-7777"
    },
    {
      "system": "fax",
      "value": "(+1) 734-677-6622"
    },
    {
      "system": "email",
      "value": "hq@HL7.org"
    }
  ],
  "address": {
    "line": [
      "3300 Washtenaw Avenue, Suite 227"
    ],
    "city": "Ann Arbor",
    "state": "MI",
    "postalCode": "48104",
    "country": "USA"
  },
  "physicalType": {
    "coding": [
      {
        "system": "http://terminology.hl7.org/CodeSystem/location-physical-type",
        "code": "bu",
        "display": "Building"
      }
    ]
  },
  "position": {
    "longitude": 42.256500,
    "latitude": -83.694710
  }
}