{
  "title": "Multiple choice",
  "status": "active",
  "version": "0.0.1",
  "resourceType": "Questionnaire",
  "item": [
    {
      "linkId": "1.0.0",
      "text": "Do you have any of the following symptoms?",
      "type": "choice",
      "repeats": true,
      "extension": [
        {
          "url": "http://hl7.org/fhir/StructureDefinition/questionnaire-itemControl",
          "valueCodeableConcept": {
            "coding": [
              {
                "system": "http://hl7.org/fhir/questionnaire-item-control",
                "code": "check-box",
                "display": "Checkbox"
              }
            ],
            "text": "Checkbox"
          }
        }
      ],
      "answerOption": [
        {
          "valueCoding": {
            "code": "code_1",
            "display": "Missed period",
            "system": "http://snomed.info/sct"
          }
        },
        {
          "valueCoding": {
            "code": "code_2",
            "display": "Tender, swollen breasts",
            "system": "http://snomed.info/sct"
          }
        },
        {
          "valueCoding": {
            "code": "code_3",
            "display": "Nausea",
            "system": "http://snomed.info/sct"
          }
        },
        {
          "valueCoding": {
            "code": "code_4",
            "display": "Vomiting",
            "system": "http://snomed.info/sct"
          }
        },
        {
          "valueCoding": {
            "code": "code_5",
            "display": "Increased urination",
            "system": "http://snomed.info/sct"
          }
        },
        {
          "valueCoding": {
            "code": "code_6",
            "display": "Fatigue",
            "system": "http://snomed.info/sct"
          }
        }
      ]
    }
  ]
}