{
  "resourceType": "Questionnaire",
  "item": [
    {
      "type": "choice",
      "repeats": true,
      "extension": [
        {
          "url": "http://hl7.org/fhir/StructureDefinition/questionnaire-itemControl",
          "valueCodeableConcept": {
            "coding": [
              {
                "system": "http://hl7.org/fhir/questionnaire-item-control",
                "code": "open-choice",
                "display": "Open choice"
              }
            ],
            "text": "Open choice"
          }
        }
      ],
      "linkId": "1",
      "text": "Do you have any pre-existing health conditions?",
      "answerOption": [
        {
          "valueCoding": {
            "code": "dm",
            "display": "Diabetes Melitus (DM)"
          }
        },
        {
          "valueCoding": {
            "code": "ht",
            "display": "Hypertension (HT)"
          }
        },
        {
          "valueCoding": {
            "code": "ihd",
            "display": "Ischemic Heart Disease (IHD/CHD/CCF)"
          }
        },
        {
          "valueCoding": {
            "code": "tb",
            "display": "Tuberculosis (TB)"
          }
        },
        {
          "valueCoding": {
            "code": "copd",
            "display": "Asthma/COPD"
          }
        },
        {
          "valueCoding": {
            "code": "kidney",
            "display": "Chronic Kidney Disease"
          }
        },
        {
          "valueCoding": {
            "code": "none",
            "display": "None"
          }
        }
      ]
    }
  ]
}